-- Adminer 3.3.3 MySQL dump

SET NAMES utf8;
SET foreign_key_checks = 0;
SET time_zone = 'SYSTEM';
SET sql_mode = 'NO_AUTO_VALUE_ON_ZERO';

DROP TABLE IF EXISTS `cislo`;
CREATE TABLE `cislo` (
  `id` int(11) NOT NULL AUTO_INCREMENT,
  `casopis_id` tinyint(2) NOT NULL,
  `rocnik` tinyint(2) NOT NULL,
  `cislo` tinyint(2) NOT NULL,
  `rok` smallint(4) NOT NULL,
  `mesic` tinyint(2) NOT NULL,
  `verejne` tinyint(1) NOT NULL,
  `priloha` tinyint(1) NOT NULL,
  `poznamka` text COLLATE utf8_czech_ci NOT NULL,
  `popis` text COLLATE utf8_czech_ci NOT NULL,
  `pocet_stran` int(11) NOT NULL,
  PRIMARY KEY (`id`)
) ENGINE=InnoDB DEFAULT CHARSET=utf8 COLLATE=utf8_czech_ci;

INSERT INTO `cislo` (`id`, `casopis_id`, `rocnik`, `cislo`, `rok`, `mesic`, `verejne`, `priloha`, `poznamka`, `popis`, `pocet_stran`) VALUES
(1,	0,	12,	3,	2010,	2,	1,	0,	'svetylko_2010_02_unor_nahled.pdf',	'',	28),
(2,	0,	12,	1,	2009,	9,	1,	0,	'svetylko_2009_09_zari_nahled.pdf',	'',	28),
(3,	0,	12,	2,	2009,	12,	0,	0,	'svetylko_2009_12_prosinec_nahled.pdf',	'',	28),
(4,	0,	12,	5,	2010,	6,	1,	1,	'svetylko_2010_06_priloha.pdf',	'',	2),
(5,	0,	12,	3,	2010,	2,	1,	1,	'svetylko_2010_02_priloha.pdf',	'',	2),
(6,	0,	12,	4,	2010,	4,	1,	0,	'svetylko_2010_04.pdf',	'',	28),
(7,	0,	12,	5,	2010,	6,	1,	0,	'svetylko_2010_06_cerven_web.pdf',	'',	28),
(8,	0,	12,	4,	2010,	4,	1,	1,	'svetylko_2010_04_priloha.pdf',	'',	2),
(9,	0,	13,	4,	2011,	4,	1,	0,	'Svetylko_2011_04_duben_nahled.pdf',	'',	28),
(10,	0,	13,	1,	2010,	9,	1,	1,	'svetylko_2010_09_priloha.pdf',	'',	2),
(11,	0,	13,	2,	2010,	12,	1,	0,	'svetylko_2010_12.pdf',	'',	36),
(12,	0,	13,	5,	2011,	6,	1,	0,	'Svetylko_2011_06_cerven_web.pdf',	'',	28),
(13,	0,	13,	2,	2010,	12,	1,	1,	'svetylko_2010_12_priloha2.pdf',	'',	2),
(14,	0,	13,	2,	2010,	12,	1,	1,	'svetylko_2010_12_priloha.pdf',	'',	2),
(15,	0,	13,	1,	2010,	9,	1,	0,	'svetylko_2010_09.pdf',	'',	28),
(16,	0,	13,	3,	2011,	2,	1,	0,	'svetylko_2011_02.pdf',	'',	28),
(17,	0,	13,	3,	2011,	2,	1,	1,	'svetylko_2011_02_priloha.pdf',	'',	2),
(18,	0,	9,	1,	2002,	9,	1,	0,	'svetylko_9_01.pdf',	'',	20),
(19,	0,	9,	10,	2003,	6,	1,	1,	'svetylko_9_10_priloha.pdf',	'',	2),
(20,	0,	9,	5,	2003,	1,	1,	0,	'svetylko_9_05.pdf',	'',	20),
(21,	0,	0,	2,	0,	0,	0,	0,	'svetylko_9_02.pdf',	'',	20),
(22,	0,	9,	10,	2003,	6,	1,	0,	'svetylko_9_10.pdf',	'',	20),
(23,	0,	0,	9,	0,	0,	0,	0,	'svetylko_9_09_priloha.pdf',	'',	1),
(24,	0,	0,	2,	0,	0,	0,	0,	'svetylko_9_02_karton.pdf',	'',	1),
(25,	0,	0,	4,	0,	0,	0,	0,	'svetylko_9_04.pdf',	'',	0),
(26,	0,	9,	6,	2003,	2,	1,	0,	'svetylko_9_06.pdf',	'',	20),
(27,	0,	0,	0,	0,	0,	0,	0,	'svetylko_9_07_příloha.pdf',	'',	1),
(28,	0,	9,	6,	2003,	2,	1,	1,	'svetylko_9_06_příloha.pdf',	'',	4),
(29,	0,	9,	8,	2003,	4,	1,	0,	'svetylko_9_08.pdf',	'',	20),
(30,	0,	0,	0,	0,	0,	0,	0,	'svetylko_9_03.pdf',	'',	0),
(31,	0,	9,	7,	2003,	3,	1,	0,	'svetylko_9_07.pdf',	'',	20),
(32,	0,	9,	9,	2003,	5,	1,	0,	'svetylko_9_09.pdf',	'',	20),
(33,	0,	14,	4,	2012,	4,	1,	0,	'Svetylko_2012_04_duben_nahled.pdf',	'',	28),
(34,	0,	6,	5,	2000,	1,	1,	1,	'svetylko_6_05_p2.pdf',	'',	3),
(35,	0,	0,	0,	0,	0,	0,	0,	'svetylko_6_01_p2.pdf',	'',	1),
(36,	0,	6,	7,	2000,	3,	1,	1,	'svetylko_6_07_p1.pdf',	'',	4),
(37,	0,	6,	2,	1999,	10,	1,	0,	'svetylko_6_02.pdf',	'',	16),
(38,	0,	6,	5,	2000,	1,	1,	0,	'svetylko_6_05.pdf',	'',	16),
(39,	0,	6,	1,	1999,	9,	1,	1,	'svetylko_6_01_p1.pdf',	'',	4),
(40,	0,	6,	4,	1999,	12,	1,	0,	'svetylko_6_04.pdf',	'',	16),
(41,	0,	0,	0,	0,	0,	0,	0,	'svetylko_6_09_p2.pdf',	'',	1),
(42,	0,	6,	3,	1999,	11,	1,	0,	'svetylko_6_03.pdf',	'',	16),
(43,	0,	6,	10,	2000,	6,	1,	1,	'svetylko_6_10_p1.pdf',	'',	4),
(44,	0,	6,	5,	2000,	1,	1,	1,	'svetylko_6_05_p1.pdf',	'',	4),
(45,	0,	6,	6,	2000,	2,	1,	1,	'svetylko_6_06_p2.pdf',	'',	4),
(46,	0,	6,	2,	1999,	10,	1,	1,	'svetylko_6_02_p1.pdf',	'',	4),
(47,	0,	6,	3,	1999,	11,	1,	1,	'svetylko_6_03_p1b.pdf',	'',	12),
(48,	0,	6,	2,	1999,	10,	1,	1,	'svetylko_6_02_p2.pdf',	'',	4),
(49,	0,	6,	9,	2000,	5,	1,	0,	'svetylko_6_09.pdf',	'',	16),
(50,	0,	6,	3,	1999,	11,	1,	1,	'svetylko_6_03_p2.pdf',	'',	2),
(51,	0,	6,	1,	1999,	9,	1,	0,	'svetylko_6_01.pdf',	'',	16),
(52,	0,	6,	8,	2000,	4,	1,	1,	'svetylko_6_08_p1.pdf',	'',	4),
(53,	0,	6,	10,	2000,	6,	1,	0,	'svetylko_6_10.pdf',	'',	16),
(54,	0,	6,	3,	1999,	11,	1,	1,	'svetylko_6_03_p1a.pdf',	'',	4),
(55,	0,	6,	7,	2000,	3,	1,	0,	'svetylko_6_07.pdf',	'',	16),
(56,	0,	6,	9,	2000,	5,	1,	1,	'svetylko_6_09_p1.pdf',	'',	4),
(57,	0,	6,	6,	2000,	2,	1,	0,	'svetylko_6_06.pdf',	'',	16),
(58,	0,	6,	4,	1999,	12,	1,	1,	'svetylko_6_04_p1.pdf',	'',	4),
(59,	0,	6,	6,	2000,	2,	1,	1,	'svetylko_6_06_p1.pdf',	'',	4),
(60,	0,	6,	7,	2000,	3,	1,	1,	'svetylko_6_07_p2.pdf',	'',	2),
(61,	0,	6,	8,	2000,	4,	1,	0,	'svetylko_6_08.pdf',	'',	16),
(62,	0,	7,	3,	2000,	11,	1,	1,	'svetylko_7_03_srdecko.pdf',	'',	4),
(63,	0,	7,	6,	2001,	2,	1,	1,	'svetylko_7_06_karton.pdf',	'',	2),
(64,	0,	7,	4,	2000,	12,	1,	1,	'svetylko_7_04_karton.pdf',	'',	2),
(65,	0,	0,	0,	0,	0,	0,	0,	'svetylko_7_07_karton.pdf',	'',	1),
(66,	0,	7,	9,	2001,	5,	1,	1,	'svetylko_7_09_srdecko.pdf',	'',	4),
(67,	0,	7,	4,	2000,	12,	1,	0,	'svetylko_7_04.pdf',	'',	16),
(68,	0,	7,	7,	2001,	3,	1,	1,	'svetylko_7_07_srdecko.pdf',	'',	4),
(69,	0,	7,	3,	2000,	11,	1,	1,	'svetylko_7_03_karton.pdf',	'',	2),
(70,	0,	7,	10,	2001,	6,	1,	1,	'svetylko_7_10_srdecko.pdf',	'',	4),
(71,	0,	7,	8,	2001,	4,	1,	0,	'svetylko_7_08.pdf',	'',	16),
(72,	0,	7,	9,	2001,	5,	1,	0,	'svetylko_7_09.pdf',	'',	16),
(73,	0,	7,	7,	2001,	3,	1,	0,	'svetylko_7_07.pdf',	'',	16),
(74,	0,	7,	1,	2000,	9,	1,	1,	'svetylko_7_01_karton.pdf',	'',	2),
(75,	0,	7,	3,	2000,	11,	1,	0,	'svetylko_7_03.pdf',	'',	16),
(76,	0,	7,	1,	2000,	9,	1,	0,	'svetylko_7_01.pdf',	'',	16),
(77,	0,	7,	4,	2000,	12,	1,	1,	'svetylko_7_04_srdecko.pdf',	'',	4),
(78,	0,	7,	5,	2001,	1,	1,	0,	'svetylko_7_05.pdf',	'',	16),
(79,	0,	7,	6,	2001,	2,	1,	1,	'svetylko_7_06_srdecko.pdf',	'',	4),
(80,	0,	7,	2,	2000,	10,	1,	1,	'svetylko_7_02_srdecko.pdf',	'',	4),
(81,	0,	0,	0,	0,	0,	0,	0,	'svetylko_7_10_karton.pdf',	'',	1),
(82,	0,	7,	6,	2001,	2,	1,	0,	'svetylko_7_06.pdf',	'',	16),
(83,	0,	0,	0,	0,	0,	0,	0,	'svetylko_7_09_karton.pdf',	'',	1),
(84,	0,	7,	2,	2000,	10,	1,	0,	'svetylko_7_02.pdf',	'',	16),
(85,	0,	7,	10,	2001,	6,	1,	0,	'svetylko_7_10.pdf',	'',	16),
(86,	0,	8,	2,	2001,	10,	1,	1,	'svetylko_8_02_priloha.pdf',	'',	2),
(87,	0,	0,	0,	0,	0,	0,	0,	'svetylko_8_01.pdf',	'',	20),
(88,	0,	0,	0,	0,	0,	0,	0,	'svetylko_8_01_karton.pdf',	'',	1),
(89,	0,	8,	5,	2002,	1,	1,	0,	'svetylko_8_05.pdf',	'',	20),
(90,	0,	8,	8,	2002,	4,	1,	1,	'svetylko_8_08_Pohadky o kvetinach.pdf',	'',	35),
(91,	0,	8,	8,	2002,	4,	1,	0,	'svetylko_8_08.pdf',	'',	20),
(92,	0,	8,	10,	2002,	6,	1,	0,	'svetylko_8_10.pdf',	'',	20),
(93,	0,	8,	6,	2002,	2,	1,	0,	'svetylko_8_06.pdf',	'',	20),
(94,	0,	8,	7,	2002,	3,	1,	0,	'svetylko_8_07.pdf',	'',	20),
(95,	0,	0,	0,	0,	0,	0,	0,	'svetylko_8_09_karton.pdf',	'',	1),
(96,	0,	8,	3,	2001,	11,	1,	1,	'svetylko_8_03_priloha.pdf',	'',	2),
(97,	0,	8,	2,	2001,	10,	1,	0,	'svetylko_8_02.pdf',	'',	20),
(98,	0,	8,	9,	2002,	5,	1,	0,	'svetylko_8_09.pdf',	'',	20),
(99,	0,	8,	10,	2002,	6,	1,	1,	'svetylko_8_10_karton.pdf',	'',	2),
(100,	0,	8,	10,	2002,	6,	1,	1,	'svetylko_8_10_Cteni na prazdniny.pdf',	'',	17),
(101,	0,	8,	4,	2001,	12,	1,	0,	'svetylko_8_04.pdf',	'',	20),
(102,	0,	8,	3,	2001,	11,	1,	0,	'svetylko_8_03.pdf',	'',	20),
(103,	0,	8,	7,	2002,	3,	1,	1,	'svetylko_8_07_priloha.pdf',	'',	2),
(104,	0,	10,	1,	2003,	9,	1,	1,	'svetylko_10_01.priloha.pdf',	'',	2),
(105,	0,	10,	4,	2003,	12,	1,	0,	'svetylko_10_04.pdf',	'',	20),
(106,	0,	10,	2,	2003,	10,	1,	0,	'svetylko_10_02.pdf',	'',	20),
(107,	0,	10,	9,	2004,	5,	1,	0,	'svetylko_10_09.pdf',	'',	20),
(108,	0,	10,	1,	2003,	9,	1,	0,	'svetylko_10_01.pdf',	'',	20),
(109,	0,	10,	10,	2004,	6,	1,	0,	'svetylko_10_10.pdf',	'',	20),
(110,	0,	10,	8,	2004,	4,	1,	0,	'svetylko_10_08.pdf',	'',	20),
(111,	0,	10,	7,	2004,	3,	1,	0,	'svetylko_10_07.pdf',	'',	20),
(112,	0,	10,	10,	2004,	6,	1,	1,	'svetylko_10_10.priloha.pdf',	'',	4),
(113,	0,	10,	5,	2004,	1,	1,	1,	'svetylko_10_05.priloha.pdf',	'',	4),
(114,	0,	10,	5,	2004,	1,	1,	0,	'svetylko_10_05.pdf',	'',	20),
(115,	0,	10,	6,	2004,	2,	1,	0,	'svetylko_10_06.pdf',	'',	20),
(116,	0,	10,	7,	2004,	3,	1,	1,	'svetylko_10_07.priloha.pdf',	'',	2),
(117,	0,	10,	2,	2003,	10,	1,	1,	'svetylko_10_02.priloha.pdf',	'',	2),
(118,	0,	10,	8,	2004,	4,	1,	1,	'svetylko_10_08.priloha.pdf',	'',	2),
(119,	0,	10,	3,	2003,	11,	1,	0,	'svetylko_10_03.pdf',	'',	20),
(120,	0,	10,	6,	2004,	2,	1,	1,	'svetylko_10_06.priloha.pdf',	'',	2),
(121,	0,	0,	0,	0,	0,	0,	0,	'svetylko_11_03.pdf',	'',	0),
(122,	0,	11,	3,	2004,	11,	1,	0,	'/2004-2005_11.ročník-scan/svetylko_11_03.pdf',	'',	16),
(123,	0,	11,	8,	2005,	4,	1,	0,	'/2004-2005_11.ročník-scan/svetylko_11_08.pdf',	'',	24),
(124,	0,	0,	0,	0,	0,	0,	0,	'/2004-2005_11.ročník-scan/svetylko_11_10.priloha.pdf',	'',	1),
(125,	0,	11,	7,	2005,	3,	1,	0,	'/2004-2005_11.ročník-scan/svetylko_11_07.pdf',	'',	24),
(126,	0,	11,	5,	2005,	1,	1,	0,	'/2004-2005_11.ročník-scan/svetylko_11_05.pdf',	'',	24),
(127,	0,	11,	1,	2004,	9,	1,	0,	'/2004-2005_11.ročník-scan/svetylko_11_01.pdf',	'',	24),
(128,	0,	11,	3,	2004,	11,	1,	1,	'/2004-2005_11.ročník-scan/svetylko_11_03.priloha.pdf',	'',	2),
(129,	0,	11,	2,	2004,	10,	1,	0,	'/2004-2005_11.ročník-scan/svetylko_11_02.pdf',	'',	24),
(130,	0,	11,	6,	2005,	2,	1,	0,	'/2004-2005_11.ročník-scan/svetylko_11_06.pdf',	'',	24),
(131,	0,	11,	10,	2005,	6,	1,	0,	'/2004-2005_11.ročník-scan/svetylko_11_10.pdf',	'',	24),
(132,	0,	11,	4,	2004,	12,	1,	0,	'/2004-2005_11.ročník-scan/svetylko_11_04.pdf',	'',	24),
(133,	0,	11,	9,	2005,	5,	1,	0,	'/2004-2005_11.ročník-scan/svetylko_11_09.pdf',	'',	24),
(134,	0,	11,	4,	2004,	12,	1,	1,	'/2004-2005_11.ročník-scan/svetylko_11_04.priloha.pdf',	'',	2),
(135,	0,	11,	1,	2004,	9,	1,	1,	'/2004-2005_11.ročník-scan/svetylko_11_01.priloha.pdf',	'',	2);

DROP TABLE IF EXISTS `obsah`;
CREATE TABLE `obsah` (
  `cislo_id` int(11) NOT NULL,
  `strana` int(11) NOT NULL,
  `strany_navic` tinyint(4) NOT NULL,
  `nazev` varchar(255) COLLATE utf8_czech_ci NOT NULL,
  `popis` text COLLATE utf8_czech_ci NOT NULL,
  PRIMARY KEY (`cislo_id`,`strana`)
) ENGINE=InnoDB DEFAULT CHARSET=utf8 COLLATE=utf8_czech_ci;

INSERT INTO `obsah` (`cislo_id`, `strana`, `strany_navic`, `nazev`, `popis`) VALUES
(1,	1,	0,	'Titulní stránka',	''),
(1,	2,	1,	'Po stopách Yettiho',	''),
(1,	4,	1,	'Velikonoce',	''),
(1,	6,	0,	'Velikonoční ostrov',	''),
(1,	7,	0,	'Malování',	'lokomotina'),
(1,	8,	2,	'Cestovatel',	''),
(1,	11,	0,	'Tajná zpráva',	''),
(1,	12,	1,	'Hlavomor',	''),
(1,	14,	1,	'Můj kroj',	''),
(1,	16,	0,	'Překonej se',	''),
(1,	17,	0,	'Pro nejmenší',	''),
(1,	18,	2,	'Mravenci',	''),
(1,	21,	0,	'Smajlíci',	''),
(1,	22,	1,	'První jarní výprava',	''),
(1,	24,	1,	'Hrady',	''),
(1,	26,	1,	'Družina čolků',	''),
(1,	28,	0,	'Akce Praha plná strašidel',	''),
(2,	1,	0,	'Titulní stránka',	''),
(2,	2,	1,	'Jak jsme si užívali táborů',	''),
(2,	4,	2,	'Draci',	'téma čísla'),
(2,	7,	0,	'Pro nejmenší',	''),
(2,	8,	2,	'Vyrážíme na kolo',	''),
(2,	12,	0,	'Nováček',	''),
(2,	13,	0,	'Co s sebou na výpravu?',	''),
(2,	14,	0,	'Překonej se',	''),
(2,	15,	0,	'hlavomor',	''),
(2,	16,	1,	'Poklad kapitána',	''),
(2,	18,	1,	'Houbařská výprava',	''),
(2,	20,	1,	'Zvířátka z CD',	''),
(2,	22,	0,	'Želvičky a Vodoměrky',	''),
(2,	23,	0,	'Skauting',	'pozdrav'),
(2,	24,	2,	'Opičí svět',	''),
(2,	27,	1,	'Družina Čolků',	''),
(6,	1,	0,	'Titulní stránka',	''),
(6,	2,	1,	'Z čeho máš strach?',	'téma čísla'),
(6,	4,	1,	'Významné osobnosti',	''),
(6,	6,	0,	'Žabka Kuňkalka',	''),
(6,	7,	0,	'Vesty',	''),
(6,	8,	2,	'Vaření',	''),
(6,	11,	0,	'Tajná zpráva',	''),
(6,	12,	1,	'Domácí povinnosti',	''),
(6,	14,	1,	'hlavomor',	''),
(6,	16,	1,	'Pro nejmenší',	''),
(6,	18,	0,	'Překonej se',	''),
(6,	19,	0,	'Smajlíci',	''),
(6,	20,	1,	'Ubrousková technika',	'květináč'),
(6,	22,	1,	'Výprava pod stan',	''),
(6,	24,	2,	'Žáby',	''),
(6,	27,	1,	'Družina Čolků',	''),
(7,	1,	0,	'Titulní stránka',	''),
(7,	2,	1,	'Z čeho máš strach?',	''),
(7,	4,	3,	'Hvězdář',	''),
(7,	8,	1,	'Tři bílé tesáky, Tři kapky rosy',	''),
(7,	10,	0,	'Otakárek Otakar',	''),
(7,	11,	0,	'Tábor na palubě',	''),
(7,	12,	1,	'Hlavomor',	''),
(7,	14,	1,	'Rodkokmen',	''),
(7,	16,	1,	'Pro nejmenší',	''),
(7,	18,	0,	'Překonej se',	''),
(7,	19,	0,	'Smajlíci',	''),
(7,	20,	1,	'Trávová hlava',	''),
(7,	22,	1,	'Motýli',	''),
(7,	24,	1,	'Motýlí úkoly',	''),
(7,	26,	1,	'Družina čolků',	''),
(7,	28,	0,	'Tangram',	''),
(9,	1,	0,	'Titulní stránka',	''),
(9,	2,	1,	'Velikonoce',	''),
(9,	4,	0,	'Velikonoce ve světě',	''),
(9,	5,	0,	'Křivogram',	''),
(9,	6,	0,	'Malované přísloví',	''),
(9,	7,	0,	'Neuvěřitelné Velikonoce',	''),
(9,	8,	3,	'Rosnička',	'znalec přírody okolo vody'),
(9,	12,	1,	'Hlavomor',	''),
(9,	14,	1,	'Družina Čolků',	''),
(9,	16,	1,	'Pro nejmenší',	''),
(9,	18,	1,	'Jak se chováme v lese?',	''),
(9,	20,	1,	'Papírové tkaní',	''),
(9,	22,	1,	'Dopravní značky',	''),
(9,	24,	1,	'Zajíci',	''),
(9,	26,	1,	'Zaječí úkoly',	''),
(9,	28,	0,	'Pokusy',	''),
(11,	1,	0,	'Titulní stránka',	''),
(11,	2,	1,	'Ze život zvířat',	'téma čísla'),
(11,	4,	1,	'Družina Čolků',	''),
(11,	6,	0,	'Malované přísloví',	''),
(11,	7,	0,	'Zimní olympiáda',	''),
(11,	8,	0,	'Zpravodaj',	''),
(11,	9,	0,	'Tajná zpráva',	''),
(11,	10,	0,	'Posunková řeč',	''),
(11,	11,	0,	'Jazykolamy',	''),
(11,	12,	1,	'Hlavomor',	''),
(11,	14,	1,	'Kdo je kdo',	''),
(11,	16,	1,	'Pro nejmenší',	''),
(11,	18,	0,	'Překonej se',	''),
(11,	19,	0,	'Smajlíci',	''),
(11,	20,	1,	'Zvířátka na statku',	''),
(11,	22,	1,	'Povolání',	''),
(11,	24,	0,	'Akce ZVaS 2010',	''),
(11,	25,	0,	'Vánoční ozdoby',	''),
(11,	26,	0,	'Pochodové značky',	''),
(11,	27,	0,	'Vánoční recepty',	''),
(11,	28,	1,	'Vánoce na světě',	''),
(11,	30,	1,	'Vánoční koledy',	''),
(11,	32,	1,	'Vánoční zvyky',	''),
(11,	34,	1,	'Vánoční přáníčka',	''),
(11,	36,	0,	'Tipy na vánoční stůl',	''),
(12,	1,	0,	'Titulní stránka',	''),
(12,	2,	1,	'Skautské kuřátko',	''),
(12,	4,	3,	'Znalec indiánů',	''),
(12,	8,	0,	'Malované přísloví',	''),
(12,	9,	0,	'Ošetřování',	''),
(12,	10,	1,	'pro nejmenší',	''),
(12,	12,	0,	'Kniha džunglí',	'úkol pro vlčata'),
(12,	13,	0,	'Kouzelná lucerna',	'úkol pro světlušky'),
(12,	14,	1,	'Čaj z přírody',	''),
(12,	16,	1,	'Hlavomor',	''),
(12,	18,	0,	'Kdo je kdo?',	''),
(12,	19,	0,	'Třídění',	''),
(12,	20,	1,	'Lapač snů',	''),
(12,	22,	1,	'Brouci',	''),
(12,	24,	1,	'Louka plná brouků',	'broučí úkoly'),
(12,	26,	1,	'Družina čolků',	''),
(12,	28,	0,	'Pokusy',	''),
(15,	1,	0,	'Titulní stránka',	''),
(15,	2,	1,	'Zážitky z táborů',	'téma čísla'),
(15,	4,	1,	'Družina Čolků',	''),
(15,	6,	0,	'Malované přísloví',	''),
(15,	7,	0,	'Hlasy ptáků',	''),
(15,	8,	3,	'Přítel zvířat',	''),
(15,	12,	1,	'Hlavomor',	''),
(15,	14,	1,	'Režim dne',	''),
(15,	16,	0,	'Překonej se',	''),
(15,	17,	0,	'Smajlíci',	''),
(15,	18,	1,	'Pro nejmenší',	''),
(15,	20,	1,	'Jak si vyrobit skřítka',	''),
(15,	22,	1,	'Dobré a špatné vlastnosti',	''),
(15,	24,	1,	'Hadi',	''),
(15,	26,	1,	'Hadí úkoly',	'úkoly'),
(15,	28,	0,	'Soutěž o létající žabky',	''),
(16,	1,	0,	'Titulní stránka',	''),
(16,	2,	0,	'Kniha džunglí a Kouzelná lucerna',	''),
(16,	3,	0,	'Tajné písmo',	''),
(16,	4,	1,	'Družina Čolků',	''),
(16,	6,	0,	'Malované přísloví',	''),
(16,	7,	0,	'Ať žije den skautů',	''),
(16,	8,	3,	'Historik',	''),
(16,	12,	1,	'Hlavomor',	''),
(16,	14,	1,	'Kam bych se chtěl podívat',	''),
(16,	16,	1,	'Pro nejmenší',	''),
(16,	18,	0,	'Skládačky z papíru',	''),
(16,	19,	0,	'Smajlíci',	''),
(16,	20,	1,	'Dešťová hůl',	''),
(16,	22,	0,	'Kdo ti pomůže?',	''),
(16,	23,	0,	'Telefonování babičce',	''),
(16,	24,	1,	'Prasátka',	''),
(16,	26,	1,	'Úkoly s čuníky',	''),
(16,	28,	0,	'Pokusy',	''),
(33,	2,	1,	'Postavy z knihy džunglí',	''),
(33,	4,	1,	'Cesta časem',	''),
(33,	6,	3,	'Zahradník',	''),
(33,	11,	0,	'Syslík a stezka odvahy',	''),
(33,	12,	1,	'Znalost první pomoci',	''),
(33,	14,	1,	'Pro nejmenší',	''),
(33,	16,	1,	'',	''),
(33,	18,	1,	'Ohniště',	''),
(33,	20,	3,	'Letouni',	''),
(33,	24,	1,	'Družina čolků',	''),
(33,	26,	1,	'Bavlněné kašírování',	''),
(33,	28,	0,	'Pokusy',	'');

DROP TABLE IF EXISTS `tag`;
CREATE TABLE `tag` (
  `cislo_id` int(11) NOT NULL,
  `strana` int(11) NOT NULL,
  `tag` varchar(50) COLLATE utf8_czech_ci NOT NULL,
  KEY `cislo_id_strana` (`cislo_id`,`strana`)
) ENGINE=MyISAM DEFAULT CHARSET=utf8 COLLATE=utf8_czech_ci;

INSERT INTO `tag` (`cislo_id`, `strana`, `tag`) VALUES
(33,	4,	'historie'),
(33,	6,	'vlček/světýlko'),
(33,	12,	'vlček/světýlko'),
(33,	16,	'hlavomor'),
(33,	18,	'stezka/cestička'),
(33,	20,	'příroda'),
(33,	24,	'Družina Čolků'),
(33,	26,	'rukodělka'),
(33,	28,	'rukodělka'),
(15,	4,	'Družina Čolků'),
(15,	7,	'příběh/povídka'),
(15,	8,	'vlček/světýlko'),
(16,	12,	'hlavomor'),
(16,	14,	'stezka/cestička'),
(15,	12,	'hlavomor'),
(11,	25,	'Vánoce'),
(15,	16,	'stezka/cestička'),
(15,	20,	'rukodělka'),
(15,	22,	'stezka/cestička'),
(15,	24,	'příroda'),
(15,	26,	'příroda'),
(11,	9,	'šifrování'),
(11,	16,	'Pro nejmenší'),
(15,	6,	'Malované přísloví'),
(11,	6,	'malování'),
(11,	7,	'příběh/povídka'),
(11,	8,	'soutěž'),
(11,	10,	'vlček/světýlko'),
(11,	11,	'vlček/světýlko'),
(11,	12,	'Hlavomor'),
(11,	14,	'stezka/cestička'),
(11,	16,	'příběh/povídka'),
(11,	18,	'vlček/světýlko'),
(11,	19,	'smajlíci'),
(11,	20,	'vlček/světýlko'),
(11,	22,	'stezka/cestička'),
(11,	24,	'akce'),
(11,	27,	'recept'),
(11,	26,	'stezka/cestička'),
(11,	28,	'Vánoce'),
(11,	30,	'Vánoce'),
(11,	32,	'Vánoce'),
(11,	34,	'rukodělka'),
(11,	36,	'rukodělka'),
(15,	18,	'Pro nejmenší'),
(16,	8,	'vlček/světýlko'),
(15,	28,	'příroda'),
(11,	2,	'vlček/světýlko'),
(16,	7,	'příběh/povídka'),
(16,	6,	'malování'),
(11,	4,	'Družina Čolků'),
(15,	2,	'tábor'),
(11,	2,	'hra'),
(11,	8,	'vlček/světýlko'),
(16,	2,	'stezka/cestička'),
(16,	3,	'šifrování'),
(11,	9,	'vlček/světýlko'),
(15,	14,	'vlček/světýlko'),
(16,	16,	'příběh/povídka'),
(16,	19,	'stezka/cestička'),
(16,	20,	'rukodělka'),
(16,	22,	'stezka/cestička'),
(16,	23,	'hra'),
(16,	23,	'stezka/cestička'),
(16,	24,	'příroda'),
(16,	28,	'rukodělka'),
(9,	2,	'Velikonoce'),
(9,	5,	'šifrování'),
(9,	4,	'Velikonoce'),
(9,	7,	'Velikonoce'),
(9,	8,	'vlček/světýlko'),
(9,	4,	'stezka/cestička'),
(9,	7,	'příběh/povídka'),
(9,	12,	'hlavomor'),
(9,	16,	'příběh/povídka'),
(9,	18,	'stezka/cestička'),
(9,	20,	'rukodělka'),
(9,	22,	'stezka/cestička'),
(9,	24,	'příroda'),
(9,	28,	'rukodělka'),
(9,	18,	'příroda'),
(9,	26,	'příroda'),
(12,	2,	'Velikonoce'),
(12,	4,	'šifrování'),
(12,	2,	'sbírka'),
(12,	4,	'vlček/světýlko'),
(12,	8,	'Malované přísloví'),
(12,	9,	'příběh/povídka'),
(12,	10,	'pro nejmenší'),
(12,	12,	'stezka/cestička'),
(12,	13,	'stezka/cestička'),
(12,	16,	'hlavomor'),
(12,	14,	'recept'),
(12,	18,	'stezka/cestička'),
(12,	19,	'stezka/cestička'),
(12,	20,	'rukodělka'),
(12,	14,	'příroda'),
(12,	22,	'příroda'),
(12,	24,	'příroda'),
(12,	26,	'Družina Čolků'),
(12,	28,	'pokusy'),
(2,	2,	'tábor'),
(2,	4,	'příroda'),
(2,	7,	'pro nejmenší'),
(2,	12,	'znak'),
(2,	12,	'nováček'),
(2,	13,	'nováček'),
(2,	14,	'dobrý skutek'),
(2,	15,	'hlavomor'),
(2,	16,	'soutěž'),
(2,	18,	'příroda'),
(2,	18,	'výprava'),
(2,	20,	'rukodělka'),
(2,	22,	'příběh/povídka'),
(2,	23,	'skauting'),
(2,	24,	'příroda'),
(2,	27,	'Družina Čolků'),
(1,	2,	'zima'),
(1,	4,	'Velikonoce'),
(1,	6,	'Velikonoce'),
(1,	6,	'příběh'),
(1,	7,	'malování'),
(1,	8,	'stezka/cestička'),
(1,	11,	'šifrování'),
(1,	12,	'Hlavomor'),
(1,	14,	'skauting'),
(1,	16,	'stezka/cestička'),
(1,	17,	'pro nejmenší'),
(1,	14,	'nováček'),
(1,	21,	'stezka/cestička'),
(1,	21,	'Smajlíci'),
(1,	14,	'kroj'),
(1,	22,	'příroda'),
(1,	22,	'výprava'),
(1,	24,	'rukodělka'),
(1,	26,	'Družina Čolků'),
(1,	28,	'akce'),
(33,	11,	'příběh/povídka'),
(33,	14,	'příběh/povídka'),
(15,	17,	'Smajlíci'),
(15,	18,	'příběh/povídka'),
(11,	2,	'příroda'),
(11,	24,	'ZVaS'),
(11,	34,	'Vánoce'),
(11,	36,	'Vánoce'),
(16,	4,	'Družina Čolků'),
(16,	6,	'Malované přísloví'),
(16,	16,	'Pro nejmenší'),
(16,	18,	'vlček/světýlko'),
(16,	19,	'Smajlíci'),
(16,	26,	'vlček/světýlko'),
(16,	28,	'pokusy'),
(9,	6,	'Malované přísloví'),
(9,	14,	'Družina Čolků'),
(9,	16,	'pro nejmenší'),
(9,	28,	'pokusy'),
(12,	8,	'malování'),
(12,	10,	'příběh/povídka'),
(12,	28,	'rukodělka'),
(6,	4,	'historie'),
(6,	6,	'malování'),
(6,	7,	'příběh/povídka'),
(6,	8,	'recept'),
(11,	6,	'Malované přísloví'),
(11,	19,	'vlček/světýlko'),
(11,	25,	'rukodělka'),
(11,	27,	'rukodělka'),
(33,	14,	'pro nejmenší'),
(33,	28,	'pokusy'),
(6,	12,	'vlček/světýlko'),
(6,	8,	'vlček/světýlko'),
(6,	11,	'šifrování'),
(6,	8,	'rukodělka'),
(6,	4,	'stezka/cestička'),
(6,	12,	'stezka/cestička'),
(6,	14,	'hlavomor'),
(6,	16,	'příběh/povídka'),
(6,	16,	'Pro nejmenší'),
(6,	18,	'stezka/cestička'),
(6,	19,	'stezka/cestička'),
(6,	20,	'rukodělka'),
(6,	19,	'smajlíci'),
(6,	22,	'výprava'),
(6,	22,	'příroda'),
(6,	24,	'příroda'),
(6,	27,	'Družina Čolků'),
(6,	2,	'soutěž'),
(7,	2,	'soutěž'),
(7,	4,	'vlček/světýlko'),
(7,	8,	'tábor'),
(7,	8,	'vlček/světýlko'),
(7,	10,	'malování'),
(7,	11,	'příběh/povídka'),
(7,	12,	'hlavomor'),
(7,	11,	'tábor'),
(7,	14,	'vlček/světýlko'),
(7,	14,	'stezka/cestička'),
(7,	16,	'Pro nejmenší'),
(7,	18,	'stezka/cestička'),
(7,	19,	'smajlíci'),
(7,	19,	'stezka/cestička'),
(7,	24,	'příroda'),
(7,	16,	'příběh/povídka'),
(7,	22,	'příroda'),
(7,	20,	'příroda'),
(7,	20,	'rukodělka'),
(7,	26,	'Družina Čolků'),
(7,	28,	'rukodělka'),
(33,	2,	'stezka/cestička'),
(15,	17,	'stezka/cestička'),
(16,	18,	'rukodělka'),
(16,	26,	'příroda'),
(9,	6,	'malování');

DROP TABLE IF EXISTS `user`;
CREATE TABLE `user` (
  `id` int(11) NOT NULL AUTO_INCREMENT,
  `username` varchar(255) COLLATE utf8_czech_ci NOT NULL,
  `password` varchar(255) COLLATE utf8_czech_ci NOT NULL,
  `name` varchar(255) COLLATE utf8_czech_ci NOT NULL,
  PRIMARY KEY (`id`)
) ENGINE=MyISAM DEFAULT CHARSET=utf8 COLLATE=utf8_czech_ci;


-- 2013-01-20 15:15:57
